class,brier
1,0.31536157740493725
2,0.25216345192700684
3,0.08379387487677784
