class,brier
1,0.34305345154324185
2,0.2918754666771225
3,0.08313951820147239
