class,brier
1,0.266402969787552
2,0.2509465172389009
3,0.09092398541533113
