{
  "best_thresholds": [
    0.25,
    0.6000000000000001,
    0.55
  ],
  "val_macro_f1_thresh": 0.4063492063492064
}