{
  "best_thresholds": [
    0.4,
    0.6000000000000001,
    0.30000000000000004
  ],
  "val_macro_f1_thresh": 0.4107048224695284
}