{
  "best_w": [
    0.25,
    0.75,
    0.25
  ],
  "best_thresholds": [
    0.30000000000000004,
    0.5,
    0.6000000000000001
  ],
  "val_macro_f1_thresh": 0.40740740740740744,
  "val_acc_nominal": 0.5263157894736842,
  "val_f1_nominal": 0.3730789613142555,
  "val_acc_thresh": 0.5789473684210527
}