{
  "LGBM": {
    "train_acc": 0.961038961038961,
    "train_f1": 0.9715151515151516,
    "val_acc": 0.5526315789473685,
    "val_f1": 0.39586645468998416,
    "best_iter": 47,
    "val_f1_thresh": 0.4063492063492064,
    "ap_z1": 0.5004733345393231,
    "ap_z2": 0.6340315276208959,
    "ap_z3": 0.11093073593073594,
    "auc_z1": 0.5738636363636364,
    "auc_z2": 0.6066481994459835,
    "auc_z3": 0.5619047619047619,
    "macro_auprc": 0.41514519936365163,
    "macro_auc": 0.5808055325714606,
    "min_auprc": 0.11093073593073594,
    "brier_macro": 0.20275782414726132,
    "one_minus_brier": 0.7972421758527387,
    "recall_z1": 0.8125,
    "recall_z2": 0.47368421052631576,
    "recall_z3": 0.0
  },
  "XGB": {
    "train_acc": 0.961038961038961,
    "train_f1": 0.9607861256193919,
    "val_acc": 0.5526315789473685,
    "val_f1": 0.3838383838383838,
    "best_iter": 0,
    "val_f1_thresh": 0.4107048224695284,
    "ap_z1": 0.5023698536242991,
    "ap_z2": 0.6415094129802509,
    "ap_z3": 0.21296296296296297,
    "auc_z1": 0.5880681818181819,
    "auc_z2": 0.6371191135734071,
    "auc_z3": 0.8,
    "macro_auprc": 0.45228074318917105,
    "macro_auc": 0.6750624317971964,
    "min_auprc": 0.21296296296296297,
    "brier_macro": 0.23935614547394557,
    "one_minus_brier": 0.7606438545260544,
    "recall_z1": 0.5625,
    "recall_z2": 0.6842105263157895,
    "recall_z3": 0.0
  },
  "ENSEMBLE": {
    "best_w": [
      0.25,
      0.75,
      0.25
    ],
    "val_acc": 0.5263157894736842,
    "val_f1": 0.3730789613142555,
    "val_acc_thresh": 0.5789473684210527,
    "val_f1_thresh": 0.40740740740740744,
    "ap_z1": 0.5157930205219725,
    "ap_z2": 0.6458918031059592,
    "ap_z3": 0.2051948051948052,
    "auc_z1": 0.59375,
    "auc_z2": 0.6232686980609418,
    "auc_z3": 0.7904761904761906,
    "macro_auprc": 0.4556265429409123,
    "macro_auc": 0.6691649628457107,
    "min_auprc": 0.2051948051948052,
    "brier_macro": 0.2171063014029073,
    "one_minus_brier": 0.7828936985970927,
    "recall_z1": 0.625,
    "recall_z2": 0.631578947368421,
    "recall_z3": 0.0
  }
}