{
  "train_acc": 0.961038961038961,
  "train_f1": 0.9607861256193919,
  "val_acc": 0.5526315789473685,
  "val_f1": 0.3838383838383838,
  "best_iter": 0,
  "val_f1_thresh": 0.4107048224695284,
  "ap_z1": 0.5023698536242991,
  "ap_z2": 0.6415094129802509,
  "ap_z3": 0.21296296296296297,
  "auc_z1": 0.5880681818181819,
  "auc_z2": 0.6371191135734071,
  "auc_z3": 0.8,
  "macro_auprc": 0.45228074318917105,
  "macro_auc": 0.6750624317971964,
  "min_auprc": 0.21296296296296297,
  "brier_macro": 0.23935614547394557,
  "one_minus_brier": 0.7606438545260544,
  "recall_z1": 0.5625,
  "recall_z2": 0.6842105263157895,
  "recall_z3": 0.0
}