{
  "train_acc": 0.961038961038961,
  "train_f1": 0.9715151515151516,
  "val_acc": 0.5526315789473685,
  "val_f1": 0.39586645468998416,
  "best_iter": 47,
  "val_f1_thresh": 0.4063492063492064,
  "ap_z1": 0.5004733345393231,
  "ap_z2": 0.6340315276208959,
  "ap_z3": 0.11093073593073594,
  "auc_z1": 0.5738636363636364,
  "auc_z2": 0.6066481994459835,
  "auc_z3": 0.5619047619047619,
  "macro_auprc": 0.41514519936365163,
  "macro_auc": 0.5808055325714606,
  "min_auprc": 0.11093073593073594,
  "brier_macro": 0.20275782414726132,
  "one_minus_brier": 0.7972421758527387,
  "recall_z1": 0.8125,
  "recall_z2": 0.47368421052631576,
  "recall_z3": 0.0
}